{"cameraMode":{"drawMode":0,"name":"Shaded","section":"Shading Mode"},"sceneLighting":true,"audioPlay":false,"sceneViewState":{"showFog":true,"showMaterialUpdate":true,"showSkybox":true,"showFlares":true,"showImageEffects":true,"showParticleSystems":true},"in2DMode":false,"pivot":{"x":7.1867570877075199,"y":2.9474711418151857,"z":-2.7415146827697756},"rotation":{"x":-0.03082430362701416,"y":0.3973824679851532,"z":0.01335659809410572,"w":0.9170380234718323},"size":9.024270057678223,"orthographic":false}