{"cameraMode":{"drawMode":0,"name":"Shaded","section":"Shading Mode"},"sceneLighting":true,"audioPlay":false,"sceneViewState":{"showFog":true,"showMaterialUpdate":true,"showSkybox":true,"showFlares":true,"showImageEffects":true,"showParticleSystems":true},"in2DMode":false,"pivot":{"x":2.5932278633117677,"y":1.4670000076293946,"z":1.2820959091186524},"rotation":{"x":-0.1923009753227234,"y":0.29142528772354128,"z":-0.05992758646607399,"w":-0.9351472854614258},"size":24.006223678588868,"orthographic":false}